<?xml version="1.0" encoding="UTF-8"?>
<project-private xmlns="http://www.netbeans.org/ns/project-private/1">
    <editor-bookmarks xmlns="http://www.netbeans.org/ns/editor-bookmarks/2" lastBookmarkId="0"/>
    <open-files xmlns="http://www.netbeans.org/ns/projectui-open-files/2">
        <group>
            <file>file:/C:/xampp/htdocs/Projekt2/footer.php</file>
            <file>file:/C:/xampp/htdocs/Projekt2/skrypty/editPost.php</file>
            <file>file:/C:/xampp/htdocs/Projekt2/history.php</file>
            <file>file:/C:/xampp/htdocs/Projekt2/index.php</file>
            <file>file:/C:/xampp/htdocs/Projekt2/skrypty/dbp.php</file>
            <file>file:/C:/xampp/htdocs/Projekt2/insertPostForm.php</file>
            <file>file:/C:/xampp/htdocs/Projekt2/contact.php</file>
            <file>file:/C:/xampp/htdocs/Projekt2/Header.php</file>
            <file>file:/C:/xampp/htdocs/Projekt2/skrypty/Search.php</file>
            <file>file:/C:/xampp/htdocs/Projekt2/skrypty/deletePost.php</file>
            <file>file:/C:/xampp/htdocs/Projekt2/post.php</file>
            <file>file:/C:/xampp/htdocs/Projekt2/skrypty/insertPost.php</file>
            <file>file:/C:/xampp/htdocs/Projekt2/editPostForm.php</file>
        </group>
    </open-files>
</project-private>
